
-- ========= INSERCI√ìN DE RECETAS =========
-- Se inserta una receta gen√©rica para los tipos de cerveza que no tienen una receta expl√≠cita en el documento.
INSERT INTO receta (clave, nombre, descripcion) VALUES
(1, 'Receta no especificada', 'La receta para este tipo de cerveza no ha sido detallada en el documento de referencia. Generalmente incluye agua, malta de cebada, l√∫pulo y levadura.');

-- Se inserta la receta espec√≠fica para la American Amber Ale, tal como se detalla en el documento.
INSERT INTO receta (clave, nombre, descripcion) VALUES
(2, 'Receta American Amber Ale (Todo Grano)',
'Tipo: Todo Grano. Agua: 18-19 litros. Volumen alcoh√≥lico: 5,8%. IBUS: 16.
Ingredientes:
- Malta Best Malz Pale Ale: (5kg)
- Malta Best Malz Aromatic: (0,5kg)
- Malta Best Malz Caramel Light (0,4kg)
- L√∫pulo Columbus (7 gr) - Adici√≥n a los 60 min. restantes
- L√∫pulo Cascade (7 gr) - Adici√≥n a los 20 min. restantes
- L√∫pulo Columbus (10 gr) - Flameout (con el fuego apagado)
- L√∫pulo Cascade (30 gr) - Flameout (con el fuego apagado)
- Levadura: Danstar Bry-97
Instrucciones:
1. Maceraci√≥n de toda la malta durante 1 hora a 66 grados.
2. Realizar el sparging a 76 grados.
3. Ebullici√≥n de una hora, siguiendo los tiempos de adici√≥n del l√∫pulo indicados.
4. Fermentar a 18-20 grados.
5. Maduraci√≥n en botella o en barril durante 4 semanas.');

-- ========= INSERCI√ìN DE TIPOS DE CERVEZA =========
-- Nota: La clave 1 se usa como ra√≠z para los tipos principales.

-- Nivel 1: Familias Principales (Lager y Ale)
INSERT INTO tipo_cerveza (clave, nombre, descripcion, historia, fk_receta) VALUES
(2, 'Lager', 'Cervezas de baja fermentaci√≥n, con levaduras que act√∫an en la parte baja del fermentador a temperaturas bajas y por tiempos largos. Suelen ser de color claro y graduaci√≥n moderada.', 'El t√©rmino proviene del alem√°n "lagern" (almacenar), por el m√©todo de maduraci√≥n en fr√≠o.', 1),
(3, 'Ale', 'Cervezas de alta fermentaci√≥n, con levaduras que act√∫an en la superficie a temperaturas m√°s c√°lidas y por tiempos cortos. Suelen tener m√°s l√∫pulo y mayor contenido alcoh√≥lico que las Lagers.', 'Originarias del Reino Unido, es el m√©todo de elaboraci√≥n m√°s antiguo.', 1);

-- Nivel 2: Sub-tipos de Lager
INSERT INTO tipo_cerveza (clave, nombre, descripcion, fk_tipo_cerveza, fk_receta) VALUES
(4, 'Pilsner', 'Sabor bastante ligero pero intenso, fermentada con levadura de baja fermentaci√≥n, con un contenido de alcohol medio.', 2, 1),
(5, 'Spezial', 'Un tipo de Lager alemana.', 2, 1),
(6, 'Dortmunster', 'Estilo de Lager p√°lida originario de Dortmund, Alemania.', 2, 1),
(7, 'Schwarzbier (Black Beer)', 'Lager oscura alemana, de color negro pero con un sabor suave y no tan tostado como una Stout.', 2, 1),
(8, 'Vienna', 'Lager de color √°mbar con un dulzor suave de malta.', 2, 1),
(9, 'Bock', 'Lager muy rica en maltas tostadas, de color oscuro y con m√°s de 7% de alcohol.', 2, 1),
(10, 'Munich Helles', 'Lager p√°lida de Munich, con √©nfasis en el sabor a malta.', 2, 1),
(11, 'Oktoberfest-Marzen', 'Lager maltosa de color √°mbar, tradicionalmente servida en el Oktoberfest.', 2, 1);

-- Nivel 3: Sub-tipos de Bock
INSERT INTO tipo_cerveza (clave, nombre, descripcion, fk_tipo_cerveza, fk_receta) VALUES
(12, 'Eisbock', 'Una Bock que se congela parcialmente para retirar el hielo y aumentar la concentraci√≥n de alcohol.', 9, 1);

-- Nivel 2: Sub-tipos de Ale
INSERT INTO tipo_cerveza (clave, nombre, descripcion, fk_tipo_cerveza, fk_receta) VALUES
(13, 'Cervezas de Trigo', 'Hechas total o parcialmente con malta de trigo, son claras de color y de baja graduaci√≥n.', 3, 1),
(14, 'Pale Ale', 'Familia de cervezas ale de color claro, elaboradas con peque√±as proporciones de malta tostada y mucho l√∫pulo.', 3, 1),
(15, 'Dark Ales', 'Cervezas ale oscuras, como las Stouts y las Porters.', 3, 1),
(16, 'Cervezas Belgas', 'Cervezas de sabor intenso, con buenas dosis de l√∫pulo pero con el fondo dulce de maltas √°mbar y cristal.', 3, 1),
(17, 'Barley Wine', 'Vino de cebada. Cervezas con mucho cuerpo y graduaciones que superan el 10% de alcohol.', 3, 1),
(18, 'Amber Ale', 'Estilo de Ale con un perfil de malta m√°s pronunciado y color √°mbar.', 3, 1),
(19, 'Blonde Ale', 'Caracterizada por un sabor ligero y cuerpo liviano, y un aroma a frutas tropicales.', 3, 1),
(20, 'D√ºsseldorf Altbier', 'Estilo de Ale alem√°n, de color cobre y un amargor balanceado.', 3, 1),
(21, 'Lambic', 'Estilo de Ale belga de fermentaci√≥n espont√°nea.', 3, 1),
(22, 'Red Ale', 'Ale de color rojizo con un perfil de malta a caramelo.', 3, 1),
(23, 'Spice, Herb o Vegetable Beer', 'Cerveza elaborada con especias, hierbas o vegetales para a√±adir complejidad.', 3, 1);

-- Nivel 3: Sub-tipos de Cervezas de Trigo
INSERT INTO tipo_cerveza (clave, nombre, descripcion, fk_tipo_cerveza, fk_receta) VALUES
(24, 'Weizen-Weissbier', 'Cerveza blanca de trigo, t√≠pica del sur de Alemania.', 13, 1),
(25, 'Witbier', 'Cerveza blanca de trigo belga, a menudo condimentada con cilantro y c√°scara de naranja.', 13, 1);

-- Nivel 3: Sub-tipos de Pale Ale
INSERT INTO tipo_cerveza (clave, nombre, descripcion, fk_tipo_cerveza, fk_receta) VALUES
(26, 'American Pale Ale', 'Adaptaci√≥n americana de la Pale Ale inglesa, m√°s limpia y con l√∫pulos c√≠tricos.', 14, 1),
(27, 'English Pale Ale', 'Estilo cl√°sico ingl√©s, con un balance entre malta y l√∫pulos terrosos o florales.', 14, 1),
(28, 'Indian Pale Ale (IPA)', 'Cerveza muy alcoh√≥lica y rica en l√∫pulo, dise√±ada para aguantar largas traves√≠as.', 14, 1),
(29, 'English Bitter', 'Un cl√°sico de los Pubs del Reino Unido, amarga y de baja carbonataci√≥n.', 14, 1);

-- Nivel 3: Sub-tipos de Dark Ales
INSERT INTO tipo_cerveza (clave, nombre, descripcion, fk_tipo_cerveza, fk_receta) VALUES
(30, 'Stout', 'Cerveza muy oscura (negra), hecha con maltas tostadas y caramelizadas. Textura espesa y cremosa.', 15, 1),
(31, 'Porter', 'Similar a la Stout pero algo menos oscura y potente.', 15, 1);

-- Nivel 3: Sub-tipos de Cervezas Belgas
INSERT INTO tipo_cerveza (clave, nombre, descripcion, fk_tipo_cerveza, fk_receta) VALUES
(32, 'De Abad√≠a', 'Estilo de cerveza belga fuerte, tradicionalmente elaborada en monasterios.', 16, 1),
(33, 'Trapense', 'Cerveza elaborada en monasterios trapenses. Es una denominaci√≥n de origen controlada.', 16, 1),
(34, '√?mbar Belga', 'Ale belga de color √°mbar con notas frutales y especiadas.', 16, 1),
(35, 'Flamenca', 'Ale rojiza de Flandes, caracterizada por su acidez.', 16, 1),
(36, 'Belgian Dubbel', 'Ale rojiza profunda, moderadamente fuerte, maltosa y compleja con notas a pasas y fruta seca.', 16, 1),
(37, 'Belgian Golden Strong Ale', 'Ale dorada, compleja, efervescente y fuerte, con notas frutales y especiadas.', 16, 1),
(38, 'Belgian Specialty Ale', 'Categor√≠a abierta para cervezas belgas √∫nicas que no encajan en otros estilos.', 16, 1);

-- Nivel 3: Sub-tipos de Amber Ale
INSERT INTO tipo_cerveza (clave, nombre, descripcion, historia, fk_tipo_cerveza, fk_receta) VALUES
(39, 'American Amber Ale', 'Amber Ale moderadamente fuerte con un sabor a malta de caramelo, a menudo con un car√°cter lupulado notable.', 'Naci√≥ a finales del siglo XX en el Norte de California y Noroeste del Pac√≠fico.', 18, 2);

-- Nivel 3: Sub-tipos de Lambic
INSERT INTO tipo_cerveza (clave, nombre, descripcion, fk_tipo_cerveza, fk_receta) VALUES
(40, 'Fruit Lambic', 'Lambic a la que se le a√±ade fruta durante la fermentaci√≥n.', 21, 1);

-- Nivel 3: Sub-tipos de Red Ale
INSERT INTO tipo_cerveza (clave, nombre, descripcion, fk_tipo_cerveza, fk_receta) VALUES
(41, 'Irish Red Ale', 'F√°cil de beber, con un sabor a malta dulce y un final tostado.', 22, 1);

-- Nivel 4: Sub-tipos de IPA
INSERT INTO tipo_cerveza (clave, nombre, descripcion, fk_tipo_cerveza, fk_receta) VALUES
(42, 'American IPA', 'Menos maltosa y m√°s lupulizada que la IPA inglesa, con l√∫pulos americanos c√≠tricos o resinosos.', 28, 1),
(43, 'Imperial IPA', 'Una IPA m√°s fuerte y lupulada, tambi√©n conocida como Double IPA.', 28, 1);

-- Nivel 4: Sub-tipos de English Bitter
INSERT INTO tipo_cerveza (clave, nombre, descripcion, fk_tipo_cerveza, fk_receta) VALUES
(44, 'Extra-Strong Bitter (ESB)', 'Versi√≥n m√°s fuerte y balanceada del estilo Bitter.', 29, 1);

-- Nivel 4: Sub-tipos de Stout
INSERT INTO tipo_cerveza (clave, nombre, descripcion, fk_tipo_cerveza, fk_receta) VALUES
(45, 'Imperial Stout', 'Stout con una alt√≠sima concentraci√≥n de malta y alta graduaci√≥n alcoh√≥lica.', 30, 1),
(46, 'Chocolate Stout', 'Stout donde predomina el sabor de la malta chocolate.', 30, 1),
(47, 'Coffee Stout', 'Stout con adici√≥n de caf√© o maltas que evocan su sabor.', 30, 1),
(48, 'Milk Stout', 'Stout endulzada con lactosa, lo que le da un cuerpo m√°s pleno y un sabor m√°s dulce.', 30, 1),
(49, 'Dry Stout', 'Stout seca y tostada, con un caracter√≠stico amargor a caf√©. El ejemplo m√°s famoso es Guinness.', 30, 1),
(50, 'Sweet Stout', 'Stout m√°s dulce y con menos amargor que la Dry Stout.', 30, 1);

-- Nivel 4: Sub-tipos de Pilsner
INSERT INTO tipo_cerveza (clave, nombre, descripcion, fk_tipo_cerveza, fk_receta) VALUES
(51, 'Bohemian Pilsener', 'Pilsner original de Bohemia, con un car√°cter de malta m√°s rico y un l√∫pulo Saaz especiado.', 4, 1);

-- ========= INSERCI√ìN DE INGREDIENTES =========
-- Estos son los componentes b√°sicos que se pueden usar en cualquier receta.
INSERT INTO ingrediente (clave, nombre, descripcion) VALUES
(1, 'Malta Best Malz Pale Ale', 'Malta base de dos hileras, ideal para cervezas tipo Ale.'),
(2, 'Malta Best Malz Aromatic', 'Malta que aporta un intenso aroma y sabor a malta.'),
(3, 'Malta Best Malz Caramel Light', 'Malta de caramelo que aporta color, cuerpo y un ligero dulzor.'),
(4, 'L√∫pulo Columbus', 'L√∫pulo de doble prop√≥sito, aporta amargor y aromas terrosos y c√≠tricos.'),
(5, 'L√∫pulo Cascade', 'L√∫pulo americano cl√°sico, conocido por sus notas florales, especiadas y c√≠tricas.'),
(6, 'Levadura Danstar Bry-97', 'Levadura Ale americana que produce cervezas limpias y de perfil neutro.'),
(7, 'Agua', 'Agua tratada para la elaboraci√≥n de cerveza, con un perfil de minerales espec√≠fico.');

-- ========= INSERCI√ìN DE INSTRUCCIONES GEN√âRICAS REUTILIZABLES =========
-- Esta tabla funciona como un cat√°logo central de pasos de elaboraci√≥n de cerveza.
INSERT INTO instruccion (clave, descripcion) VALUES
(1, 'Macerar granos: Mezclar las maltas molidas con agua caliente para convertir los almidones en az√∫cares fermentables.'),
(2, 'Lavar granos (Sparging): Enjuagar los granos con agua caliente para extraer los az√∫cares restantes.'),
(3, 'Adicionar l√∫pulo de amargor: A√±adir l√∫pulo al inicio del hervor (aprox. 60 min) para extraer sus alfa-√°cidos.'),
(4, 'Adicionar l√∫pulo de sabor: A√±adir l√∫pulo hacia la mitad o final del hervor (aprox. 15-20 min) para aportar sabor.'),
(5, 'Adicionar l√∫pulo de aroma (Flameout): A√±adir l√∫pulo justo al apagar el fuego para capturar los aceites arom√°ticos vol√°tiles.'),
(6, 'Fermentar: Inocular la levadura en el mosto enfriado para que convierta los az√∫cares en alcohol y CO2.'),
(7, 'Madurar: Dejar la cerveza en reposo a bajas temperaturas para que los sabores se refinen y la cerveza se aclare.');

-- ========= INSERCI√ìN DE INGREDIENTES Y PASOS PARA LA RECETA "AMERICAN AMBER ALE" (fk_receta = 2) =========
-- Se renombr√≥ la tabla a ing_rec y se a√±adi√≥ la fk_instruccion para vincular cada ingrediente/paso a una instrucci√≥n gen√©rica.
-- Paso 1: Maceraci√≥n
INSERT INTO ing_rec(clave, cantidad, unidad_medida, fk_receta, fk_ingrediente, fk_instruccion, numero_paso) VALUES
(1, 5.00, 'kg', 2, 1, 1, 1), -- Malta Pale Ale -> Macerar
(2, 0.50, 'kg', 2, 2, 1, 1), -- Malta Aromatic -> Macerar
(3, 0.40, 'kg', 2, 3, 1, 1); -- Malta Caramel -> Macerar

-- Paso 2: Lavado de granos (Sparging). Se usa el ingrediente 'Agua' de forma gen√©rica para este paso.
INSERT INTO ing_rec(clave, cantidad, unidad_medida, fk_receta, fk_ingrediente, fk_instruccion, numero_paso) VALUES
(9, 10.00, 'litros', 2, 7, 2, 2);

-- Paso 3: Ebullici√≥n y adici√≥n de l√∫pulos
INSERT INTO ing_rec(clave, cantidad, unidad_medida, fk_receta, fk_ingrediente, fk_instruccion, numero_paso) VALUES
(4, 7.00, 'gr', 2, 4, 3, 3),  -- Columbus -> Amargor (60 min)
(5, 7.00, 'gr', 2, 5, 4, 3),  -- Cascade -> Sabor (20 min)
(6, 10.00, 'gr', 2, 4, 5, 3), -- Columbus -> Aroma (Flameout)
(7, 30.00, 'gr', 2, 5, 5, 3); -- Cascade -> Aroma (Flameout)

-- Paso 4: Fermentaci√≥n
INSERT INTO ing_rec(clave, cantidad, unidad_medida, fk_receta, fk_ingrediente, fk_instruccion, numero_paso) VALUES
(8, 1.00, 'sobre', 2, 6, 6, 4); -- Levadura -> Fermentar

-- Paso 5: Maduraci√≥n. Es un paso del proceso que no requiere un ingrediente espec√≠fico.
INSERT INTO ing_rec(clave, cantidad, unidad_medida, fk_receta, fk_ingrediente, fk_instruccion, numero_paso) VALUES
(10, 0, 'N/A', 2, 7, 7, 5);

-- OJO METER TIEMPO EN ING CER, ARREGLAR ESO
